step,lam,cost_mean,loss_q,wall_time
2500,9.97418212890625,0.09765625,752.2598266601562,60.6
5000,9.97418212890625,0.0703125,956.11767578125,99.1
