step,lam,cost_mean,loss_q,wall_time
2500,9.97418212890625,0.06640625,829.8637084960938,56.6
5000,9.97418212890625,0.05078125,972.4148559570312,95.4
