step,loss,acc,wall_time
500,0.0065897200256586075,1.0,12.6
1000,0.001030505751259625,1.0,25.1
1500,0.0002662553742993623,1.0,38.2
2000,0.00013517343904823065,1.0,51.6
